Fecha,Temperatura_C,Voltaje_V,Eficiencia_%,Alarma
2024-03-01,75.1,213.2,75.23,0
2024-03-02,67.3,218.6,78.52,0
2024-03-03,68.9,232.8,75.06,0
2024-03-04,74.2,213.8,82.64,0
2024-03-05,67.9,235.3,83.23,0
2024-03-06,72.4,201.6,76.02,0
2024-03-07,71.0,213.8,78.89,0
2024-03-08,65.4,220.3,77.29,0
2024-03-09,70.3,207.6,82.1,0
2024-03-10,74.1,224.2,76.22,0
2024-03-11,67.3,200.9,79.36,0
2024-03-12,70.2,219.3,89.88,0
2024-03-13,73.0,225.7,86.9,0
2024-03-14,69.4,221.1,84.86,0
2024-03-15,66.7,228.3,83.97,0
2024-03-16,69.0,207.3,78.94,0
2024-03-17,74.6,219.5,78.72,0
2024-03-18,72.5,230.9,88.49,0
2024-03-19,71.2,226.1,78.76,0
2024-03-20,66.9,228.6,79.09,0
2024-03-21,66.9,223.6,86.31,0
2024-03-22,66.0,224.7,81.73,0
2024-03-23,73.8,230.1,86.57,0
2024-03-24,71.2,209.5,76.03,0
2024-03-25,72.3,217.7,82.29,0
2024-03-26,65.6,208.5,75.56,0
2024-03-27,74.8,234.9,75.99,0
2024-03-28,73.5,233.4,88.49,0
2024-03-29,67.5,202.3,77.12,0
2024-03-30,67.2,225.2,82.95,0
2024-03-31,67.2,232.7,81.15,0
2024-04-01,68.4,207.1,80.21,0
2024-04-02,70.5,220.4,88.4,0
2024-04-03,69.6,232.4,75.38,0
2024-04-04,68.2,202.1,84.9,0
2024-04-05,71.3,224.9,89.34,0
2024-04-06,66.8,211.1,83.36,0
2024-04-07,68.2,232.7,88.94,0
2024-04-08,69.0,234.3,75.83,0
2024-04-09,69.8,233.4,81.27,0
2024-04-10,73.0,217.2,78.92,0
2024-04-11,67.3,230.6,85.89,0
2024-04-12,70.4,230.0,89.6,0
2024-04-13,71.1,211.9,78.86,0
2024-04-14,65.9,229.4,84.75,0
2024-04-15,71.3,202.2,78.0,0
2024-04-16,67.1,221.4,83.44,0
2024-04-17,66.0,208.8,81.94,0
2024-04-18,74.6,205.0,89.47,0
2024-04-19,74.8,203.5,84.08,0
2024-04-20,73.2,224.9,80.24,0
2024-04-21,68.4,212.6,76.75,0
2024-04-22,66.3,225.8,77.3,0
2024-04-23,72.0,203.1,78.4,0
2024-04-24,69.7,211.7,78.78,0
2024-04-25,66.6,219.5,87.67,0
2024-04-26,70.2,228.1,83.38,0
2024-04-27,65.7,211.9,82.82,0
2024-04-28,74.2,222.4,76.76,0
2024-04-29,67.9,231.4,87.81,0
2024-04-30,71.8,222.1,85.77,0
2024-05-01,68.4,208.9,76.06,0
2024-05-02,70.4,201.7,85.55,0
2024-05-03,70.7,230.8,83.12,0
2024-05-04,67.2,201.6,76.27,0
2024-05-05,74.8,231.0,81.85,0
2024-05-06,72.9,219.1,82.24,0
2024-05-07,74.5,233.2,77.52,0
2024-05-08,74.1,228.4,89.08,0
2024-05-09,71.2,235.2,87.66,0
2024-05-10,74.3,213.0,84.97,0
2024-05-11,66.3,227.3,81.91,0
2024-05-12,67.3,214.7,81.16,0
2024-05-13,65.8,217.4,84.71,0
2024-05-14,68.6,222.5,83.14,0
2024-05-15,69.2,231.0,75.98,0
2024-05-16,68.0,234.8,82.66,0
2024-05-17,73.4,227.3,87.01,0
2024-05-18,68.9,215.3,81.87,0
2024-05-19,68.1,215.4,75.83,0
2024-05-20,85.8,226.3,86.71,1
2024-05-21,66.8,209.1,78.04,0
2024-05-22,73.2,204.7,78.89,0
2024-05-23,66.1,213.1,77.5,0
2024-05-24,75.0,210.8,79.95,0
2024-05-25,72.9,211.1,86.28,0
2024-05-26,67.3,208.9,82.76,0
2024-05-27,65.5,202.3,78.1,0
2024-05-28,73.3,201.5,88.07,0
2024-05-29,72.3,234.9,88.1,0
2024-05-30,72.5,215.6,87.96,0
2024-05-31,72.9,214.1,78.6,0
2024-06-01,66.1,224.3,81.75,0
2024-06-02,68.9,208.4,89.66,0
2024-06-03,82.3,233.6,86.5,1
2024-06-04,73.8,228.0,75.46,0
2024-06-05,71.4,204.0,76.03,0
2024-06-06,68.6,215.3,81.94,0
2024-06-07,66.0,231.1,88.53,0
2024-06-08,68.4,233.4,83.04,0
2024-06-09,68.6,217.0,82.44,0
2024-06-10,72.5,222.0,76.62,0
2024-06-11,71.6,206.6,84.79,0
2024-06-12,74.0,235.0,87.24,0
2024-06-13,70.0,208.9,80.7,0
2024-06-14,66.6,233.3,86.55,0
2024-06-15,72.3,223.2,89.35,0
2024-06-16,72.8,221.8,78.08,0
2024-06-17,70.8,218.5,82.82,0
2024-06-18,72.9,208.8,79.32,0
2024-06-19,70.2,207.0,86.81,0
2024-06-20,70.5,208.5,83.62,0
2024-06-21,69.5,207.3,84.46,0
2024-06-22,65.6,227.7,86.89,0
2024-06-23,66.4,212.9,80.93,0
2024-06-24,65.7,202.9,88.62,0
2024-06-25,71.6,234.2,82.96,0
2024-06-26,68.4,231.3,77.4,0
2024-06-27,70.3,232.8,85.37,0
2024-06-28,81.1,235.1,86.82,1
2024-06-29,67.8,206.9,79.75,0
2024-06-30,86.6,214.5,87.76,1
2024-07-01,72.7,227.0,88.49,0
2024-07-02,67.6,224.8,79.16,0
2024-07-03,66.1,206.2,89.64,0
2024-07-04,68.2,229.0,77.15,0
2024-07-05,67.0,208.6,78.05,0
2024-07-06,74.4,208.6,77.79,0
2024-07-07,73.2,219.4,88.31,0
2024-07-08,71.5,221.3,84.76,0
2024-07-09,73.9,220.9,77.31,0
2024-07-10,73.2,204.0,81.59,0
2024-07-11,67.2,231.1,84.18,0
2024-07-12,74.1,210.0,76.3,0
2024-07-13,70.6,205.4,88.14,0
2024-07-14,73.2,231.5,86.97,0
2024-07-15,74.1,233.8,82.55,0
2024-07-16,68.5,230.6,89.39,0
2024-07-17,66.5,228.7,81.25,0
2024-07-18,67.6,223.4,89.64,0
2024-07-19,69.5,219.8,84.96,0
2024-07-20,73.3,203.9,84.47,0
2024-07-21,73.7,215.0,77.52,0
2024-07-22,65.5,213.7,88.13,0
2024-07-23,70.4,209.8,81.4,0
2024-07-24,69.4,225.8,77.46,0
2024-07-25,67.6,218.0,75.25,0
2024-07-26,66.6,203.7,83.36,0
2024-07-27,68.7,208.5,82.88,0
2024-07-28,74.5,224.4,85.72,0
2024-07-29,68.5,203.5,88.25,0
2024-07-30,70.4,230.2,76.24,0
2024-07-31,72.2,217.9,85.9,0
2024-08-01,68.9,217.4,77.84,0
2024-08-02,74.8,221.3,87.78,0
2024-08-03,74.7,229.3,87.2,0
2024-08-04,67.8,212.9,83.07,0
2024-08-05,70.2,224.2,85.59,0
2024-08-06,68.3,220.4,79.72,0
2024-08-07,68.2,210.1,82.04,0
2024-08-08,65.8,231.1,87.24,0
2024-08-09,71.3,228.3,81.87,0
2024-08-10,70.3,223.6,80.36,0
2024-08-11,65.9,230.2,82.38,0
2024-08-12,68.1,230.7,87.33,0
2024-08-13,74.2,225.3,80.03,0
2024-08-14,67.7,229.7,77.64,0
2024-08-15,66.8,224.9,85.61,0
2024-08-16,70.1,224.3,87.3,0
2024-08-17,75.0,222.2,76.55,0
2024-08-18,67.7,226.8,78.61,0
2024-08-19,71.9,206.4,77.16,0
2024-08-20,72.8,231.2,80.22,0
2024-08-21,67.7,230.9,81.73,0
2024-08-22,72.5,201.9,86.16,0
2024-08-23,69.0,229.3,84.71,0
2024-08-24,71.5,205.3,84.26,0
2024-08-25,71.5,212.4,80.28,0
2024-08-26,70.6,226.5,87.53,0
2024-08-27,66.3,206.4,82.04,0
2024-08-28,73.5,229.0,89.57,0
2024-08-29,68.5,229.5,84.46,0
2024-08-30,67.2,218.4,76.93,0
2024-08-31,91.6,201.1,85.08,1
2024-09-01,71.1,210.8,79.88,0
2024-09-02,72.0,222.1,85.23,0
2024-09-03,65.6,234.7,76.09,0
2024-09-04,70.4,222.6,77.65,0
2024-09-05,67.6,209.8,87.74,0
2024-09-06,71.7,222.7,78.43,0
2024-09-07,67.1,219.5,87.46,0
2024-09-08,72.1,227.7,79.2,0
2024-09-09,69.2,204.6,84.59,0
2024-09-10,74.5,227.1,85.35,0
2024-09-11,66.7,219.5,82.66,0
2024-09-12,68.7,234.0,79.58,0
2024-09-13,66.5,212.7,78.21,0
2024-09-14,74.4,222.7,75.55,0
2024-09-15,73.9,233.0,79.56,0
2024-09-16,67.9,204.4,84.74,0
2024-09-17,71.8,233.1,88.97,0
2024-09-18,73.3,224.6,87.97,0
2024-09-19,70.8,203.2,86.41,0
2024-09-20,70.5,211.3,86.74,0
2024-09-21,67.7,225.3,84.92,0
2024-09-22,66.3,203.2,78.92,0
2024-09-23,74.1,220.9,88.5,0
2024-09-24,74.1,212.8,85.0,0
2024-09-25,71.5,222.3,83.37,0
2024-09-26,68.7,202.5,76.7,0
2024-09-27,68.8,230.9,81.69,0
2024-09-28,72.4,234.4,81.88,0
2024-09-29,74.1,234.2,87.87,0
2024-09-30,74.0,226.7,83.16,0
2024-10-01,83.1,205.4,80.7,1
2024-10-02,71.6,227.0,89.54,0
2024-10-03,66.2,201.7,76.7,0
2024-10-04,67.0,201.7,81.32,0
2024-10-05,74.1,212.0,75.68,0
2024-10-06,71.3,217.7,86.03,0
2024-10-07,65.5,227.4,88.67,0
2024-10-08,66.4,224.4,79.21,0
2024-10-09,71.8,216.2,87.78,0
2024-10-10,65.4,210.3,79.39,0
2024-10-11,67.0,235.2,88.56,0
2024-10-12,70.7,215.6,86.23,0
2024-10-13,72.1,216.4,86.99,0
2024-10-14,71.7,206.5,75.33,0
2024-10-15,67.6,228.2,89.33,0
2024-10-16,72.3,224.8,85.83,0
2024-10-17,67.7,208.5,79.58,0
2024-10-18,68.6,203.7,87.35,0
2024-10-19,72.6,224.3,79.23,0
2024-10-20,71.7,223.4,87.99,0
2024-10-21,73.6,210.3,76.73,0
2024-10-22,71.8,233.6,85.49,0
2024-10-23,70.9,206.1,83.07,0
2024-10-24,66.3,215.8,76.49,0
2024-10-25,69.0,233.4,78.64,0
2024-10-26,84.5,215.3,75.24,1
2024-10-27,67.8,222.9,82.01,0
2024-10-28,74.8,214.6,79.52,0
2024-10-29,69.2,210.3,83.93,0
2024-10-30,74.1,234.7,79.47,0
2024-10-31,71.5,215.0,79.5,0
2024-11-01,73.1,231.7,86.07,0
2024-11-02,70.3,208.8,75.77,0
2024-11-03,92.7,208.2,88.44,1
2024-11-04,70.2,202.0,87.69,0
2024-11-05,67.3,223.3,84.96,0
2024-11-06,72.4,213.6,83.85,0
2024-11-07,68.1,230.6,88.28,0
2024-11-08,65.6,217.2,77.81,0
2024-11-09,71.7,234.2,76.23,0
2024-11-10,67.1,207.3,78.61,0
2024-11-11,74.5,230.8,86.84,0
2024-11-12,74.7,227.6,75.57,0
2024-11-13,91.5,227.4,83.7,1
2024-11-14,69.0,230.0,89.81,0
2024-11-15,65.5,227.1,87.74,0
2024-11-16,74.4,222.4,82.79,0
2024-11-17,69.6,205.4,76.0,0
2024-11-18,74.8,202.0,87.38,0
2024-11-19,74.7,232.6,83.94,0
2024-11-20,73.7,222.1,76.76,0
2024-11-21,68.3,228.3,76.45,0
2024-11-22,69.1,217.5,88.54,0
2024-11-23,73.7,204.9,84.98,0
2024-11-24,68.5,205.2,87.35,0
2024-11-25,67.0,224.5,88.09,0
2024-11-26,70.8,215.7,83.53,0
2024-11-27,74.5,207.8,82.73,0
2024-11-28,72.2,217.8,81.44,0
2024-11-29,70.9,203.1,79.76,0
2024-11-30,66.3,220.9,81.5,0
2024-12-01,71.4,210.2,86.53,0
2024-12-02,75.0,228.3,83.98,0
2024-12-03,66.8,211.6,88.29,0
2024-12-04,70.4,216.6,81.63,0
2024-12-05,73.9,201.3,84.06,0
2024-12-06,72.6,203.4,84.42,0
2024-12-07,72.2,214.4,83.83,0
2024-12-08,72.2,217.4,85.47,0
2024-12-09,68.9,221.5,78.58,0
2024-12-10,68.2,210.9,82.65,0
2024-12-11,73.3,224.8,76.6,0
2024-12-12,73.3,230.5,80.76,0
2024-12-13,73.8,227.7,82.29,0
2024-12-14,87.6,202.3,84.73,1
2024-12-15,70.4,217.4,89.15,0
2024-12-16,70.3,204.5,83.96,0
2024-12-17,73.1,209.2,86.08,0
2024-12-18,71.7,234.8,82.56,0
2024-12-19,72.2,205.8,84.46,0
2024-12-20,94.9,218.1,76.11,1
2024-12-21,74.0,222.2,78.83,0
2024-12-22,68.7,225.1,80.42,0
2024-12-23,69.0,220.2,82.06,0
2024-12-24,66.3,201.2,75.74,0
2024-12-25,71.0,212.1,77.14,0
2024-12-26,65.7,218.7,79.16,0
2024-12-27,69.9,203.9,89.46,0
2024-12-28,70.7,213.0,79.97,0
2024-12-29,68.2,202.0,82.2,0
2024-12-30,71.1,203.6,77.97,0
2024-12-31,65.7,214.6,84.11,0
2025-01-01,65.8,205.5,79.22,0
2025-01-02,73.4,220.4,78.13,0
2025-01-03,68.9,224.6,82.72,0
2025-01-04,66.6,228.4,75.14,0
2025-01-05,70.5,207.8,75.17,0
2025-01-06,72.9,206.7,78.31,0
2025-01-07,67.5,204.5,75.6,0
2025-01-08,71.4,222.8,76.66,0
2025-01-09,66.2,225.2,80.08,0
2025-01-10,65.9,202.0,86.95,0
2025-01-11,70.6,233.1,83.54,0
2025-01-12,70.6,202.7,82.66,0
2025-01-13,71.6,219.5,79.41,0
2025-01-14,72.4,225.3,88.87,0
2025-01-15,86.8,230.9,80.94,1
2025-01-16,70.4,225.5,76.35,0
2025-01-17,68.5,228.5,84.2,0
2025-01-18,73.1,212.6,76.75,0
2025-01-19,68.0,228.9,80.18,0
2025-01-20,69.7,203.7,82.58,0
2025-01-21,66.2,231.7,88.02,0
2025-01-22,65.6,219.7,82.37,0
2025-01-23,74.7,229.0,85.47,0
2025-01-24,73.5,216.5,89.77,0
2025-01-25,72.2,223.0,77.01,0
2025-01-26,69.4,219.0,79.13,0
2025-01-27,67.1,226.1,80.91,0
2025-01-28,66.9,203.7,81.31,0
2025-01-29,67.8,203.0,81.15,0
2025-01-30,70.7,209.4,88.51,0
2025-01-31,72.3,206.4,85.64,0
2025-02-01,71.8,230.9,84.07,0
2025-02-02,68.1,208.4,79.64,0
2025-02-03,74.7,234.5,87.27,0
2025-02-04,72.6,212.5,89.21,0
2025-02-05,93.4,207.2,87.23,1
2025-02-06,71.3,228.1,75.08,0
2025-02-07,69.5,223.6,84.49,0
2025-02-08,67.8,218.0,75.82,0
2025-02-09,68.9,220.0,78.88,0
2025-02-10,72.8,225.6,75.94,0
2025-02-11,65.5,208.8,84.01,0
2025-02-12,66.5,235.2,85.24,0
2025-02-13,65.8,234.4,76.76,0
2025-02-14,65.8,223.3,80.75,0
2025-02-15,73.7,207.8,81.82,0
2025-02-16,72.2,224.3,80.53,0
2025-02-17,70.0,203.4,76.85,0
2025-02-18,66.3,202.0,81.27,0
2025-02-19,70.2,209.8,86.19,0
2025-02-20,70.0,216.8,76.11,0
2025-02-21,67.1,230.8,76.25,0
2025-02-22,69.6,225.9,80.32,0
2025-02-23,69.3,226.4,89.02,0
2025-02-24,71.4,215.5,84.97,0
2025-02-25,71.6,212.8,85.12,0
2025-02-26,65.8,213.7,80.42,0
2025-02-27,69.0,234.9,83.86,0
2025-02-28,71.5,202.3,75.21,0
2025-03-01,70.3,230.7,84.49,0
2025-03-02,73.7,220.8,88.59,0
2025-03-03,71.8,216.0,84.14,0
2025-03-04,67.0,225.8,88.01,0
2025-03-05,66.1,217.6,85.79,0
2025-03-06,71.6,230.9,76.85,0
2025-03-07,65.7,231.9,88.43,0
2025-03-08,71.1,215.4,76.04,0
2025-03-09,74.5,210.4,82.97,0
2025-03-10,71.0,221.3,77.17,0
2025-03-11,69.2,232.3,75.23,0
2025-03-12,71.6,208.1,81.31,0
2025-03-13,69.8,222.3,79.43,0
2025-03-14,70.7,222.6,82.26,0
2025-03-15,74.5,226.1,83.61,0
2025-03-16,69.1,205.4,75.71,0
2025-03-17,74.7,225.5,76.88,0
2025-03-18,74.2,232.2,83.34,0
2025-03-19,67.3,207.1,80.15,0
2025-03-20,66.1,209.1,85.87,0
2025-03-21,66.4,234.3,84.73,0
2025-03-22,65.6,207.1,87.59,0
2025-03-23,66.3,230.3,85.32,0
2025-03-24,72.0,217.8,81.43,0
2025-03-25,66.1,209.4,85.03,0
2025-03-26,68.5,230.9,79.14,0
2025-03-27,73.6,216.2,79.6,0
2025-03-28,65.6,218.6,86.75,0
2025-03-29,73.3,213.3,81.68,0
2025-03-30,68.1,221.3,86.89,0
2025-03-31,66.5,206.5,87.25,0
2025-04-01,72.2,214.4,87.77,0
2025-04-02,71.5,234.2,88.64,0
2025-04-03,73.9,209.8,81.45,0
2025-04-04,72.5,223.5,79.79,0
2025-04-05,73.2,212.1,83.69,0
2025-04-06,68.1,227.5,80.56,0
2025-04-07,67.1,205.4,83.97,0
2025-04-08,72.7,234.3,85.52,0
2025-04-09,73.2,216.5,85.26,0
2025-04-10,75.0,209.0,80.61,0
2025-04-11,69.4,203.4,77.53,0
2025-04-12,69.0,206.7,81.44,0
2025-04-13,72.9,218.8,77.17,0
2025-04-14,68.7,212.5,88.25,0
2025-04-15,74.4,229.4,80.19,0
2025-04-16,73.7,215.7,77.35,0
2025-04-17,69.6,209.5,75.44,0
2025-04-18,72.7,222.1,84.63,0
2025-04-19,72.7,225.2,84.5,0
2025-04-20,66.4,206.6,80.11,0
2025-04-21,74.2,206.7,76.12,0
2025-04-22,70.3,202.2,81.13,0
2025-04-23,73.4,226.2,79.67,0
2025-04-24,68.5,223.7,85.09,0
2025-04-25,74.1,217.2,84.04,0
2025-04-26,69.2,229.9,80.46,0
2025-04-27,65.5,228.6,78.29,0
2025-04-28,74.2,221.0,89.7,0
2025-04-29,66.3,230.8,81.79,0
2025-04-30,68.5,208.0,85.26,0
2025-05-01,74.6,204.8,77.14,0
2025-05-02,74.6,210.2,82.26,0
2025-05-03,71.0,202.9,75.47,0
2025-05-04,81.9,219.2,82.55,1
2025-05-05,69.7,233.1,89.35,0
2025-05-06,68.2,202.3,80.75,0
2025-05-07,68.6,205.1,75.64,0
2025-05-08,71.9,216.5,75.52,0
2025-05-09,72.7,233.0,80.81,0
2025-05-10,87.2,211.8,77.43,1
2025-05-11,73.1,218.3,75.41,0
2025-05-12,66.3,202.3,86.27,0
2025-05-13,70.2,206.0,81.86,0
2025-05-14,66.0,234.8,79.35,0
2025-05-15,70.7,234.1,88.4,0
2025-05-16,69.7,201.1,76.78,0
2025-05-17,74.0,233.6,89.23,0
2025-05-18,68.8,222.9,79.71,0
2025-05-19,66.5,230.8,88.23,0
2025-05-20,66.8,216.5,84.0,0
2025-05-21,72.8,218.6,87.31,0
2025-05-22,71.4,217.7,89.64,0
2025-05-23,66.4,223.8,79.33,0
2025-05-24,66.2,205.7,89.3,0
2025-05-25,72.2,201.9,80.83,0
2025-05-26,66.1,211.5,80.77,0
2025-05-27,73.4,225.1,80.1,0
2025-05-28,72.3,207.8,83.08,0
2025-05-29,66.2,224.1,77.34,0
2025-05-30,81.1,234.3,83.27,1
2025-05-31,75.0,204.1,83.09,0
2025-06-01,69.0,224.0,86.35,0
2025-06-02,69.0,216.2,87.41,0
2025-06-03,73.3,230.8,81.59,0
2025-06-04,94.0,207.0,79.54,1
2025-06-05,75.0,224.7,78.9,0
2025-06-06,72.7,229.7,77.94,0
2025-06-07,69.0,233.4,75.91,0
2025-06-08,66.2,224.4,80.14,0
2025-06-09,72.9,218.0,79.07,0
2025-06-10,70.8,222.2,89.38,0
2025-06-11,69.5,230.8,83.33,0
2025-06-12,74.2,220.5,80.21,0
2025-06-13,66.5,201.9,83.66,0
2025-06-14,70.2,232.9,77.12,0
2025-06-15,65.5,224.6,81.64,0
2025-06-16,69.9,224.2,84.34,0
2025-06-17,65.9,208.3,82.31,0
2025-06-18,66.6,223.6,81.01,0
2025-06-19,93.7,214.4,89.79,1
2025-06-20,71.7,223.3,88.11,0
2025-06-21,72.6,204.6,84.3,0
2025-06-22,71.1,223.5,83.5,0
2025-06-23,74.7,235.3,84.26,0
2025-06-24,69.0,202.6,78.04,0
2025-06-25,68.2,234.5,80.92,0
2025-06-26,73.8,214.9,75.64,0
2025-06-27,67.6,230.9,82.11,0
2025-06-28,74.7,227.8,83.11,0
2025-06-29,65.5,220.4,78.44,0
2025-06-30,94.1,226.3,89.35,1
2025-07-01,65.8,231.1,88.54,0
2025-07-02,74.0,214.8,85.76,0
2025-07-03,70.5,212.1,82.96,0
2025-07-04,75.0,223.9,87.95,0
2025-07-05,66.1,228.7,77.0,0
2025-07-06,70.8,227.1,86.78,0
2025-07-07,74.8,228.3,76.91,0
2025-07-08,70.5,215.9,86.83,0
2025-07-09,71.5,229.0,79.15,0
2025-07-10,72.1,205.0,88.06,0
2025-07-11,69.8,219.6,89.05,0
2025-07-12,71.5,201.1,77.27,0
2025-07-13,71.1,212.1,81.92,0
2025-07-14,74.1,213.5,89.6,0
2025-07-15,65.8,214.5,82.22,0
2025-07-16,68.1,224.8,87.86,0
2025-07-17,74.6,214.3,83.79,0
2025-07-18,74.0,216.3,80.62,0
2025-07-19,69.8,209.1,79.3,0
2025-07-20,71.4,213.7,78.07,0
2025-07-21,68.1,208.7,86.35,0
2025-07-22,67.2,203.4,80.79,0
2025-07-23,69.9,221.7,82.64,0
2025-07-24,68.8,223.9,82.36,0
2025-07-25,71.1,222.2,83.62,0
2025-07-26,66.2,216.8,87.89,0
2025-07-27,74.9,214.0,89.59,0
2025-07-28,75.0,230.6,81.1,0
2025-07-29,72.2,218.8,87.32,0
2025-07-30,70.6,217.4,86.39,0
2025-07-31,68.4,201.8,83.56,0
2025-08-01,73.3,212.6,89.23,0
2025-08-02,72.0,214.0,78.03,0
2025-08-03,67.0,214.6,76.68,0
2025-08-04,74.2,220.9,87.72,0
2025-08-05,73.4,219.3,81.57,0
2025-08-06,74.6,221.8,87.61,0
2025-08-07,72.4,227.2,88.3,0
2025-08-08,71.4,228.9,75.99,0
2025-08-09,69.5,225.6,88.15,0
2025-08-10,74.4,233.8,81.7,0
2025-08-11,73.8,201.5,82.62,0
2025-08-12,65.8,207.6,84.35,0
2025-08-13,65.7,201.2,88.79,0
2025-08-14,69.1,223.2,75.34,0
2025-08-15,73.3,231.8,82.13,0
2025-08-16,75.0,209.3,85.25,0
2025-08-17,85.4,232.8,85.77,1
2025-08-18,92.9,203.0,85.32,1
2025-08-19,94.6,233.0,77.05,1
2025-08-20,74.8,213.0,79.5,0
2025-08-21,73.6,204.4,80.38,0
2025-08-22,73.5,217.6,86.98,0
2025-08-23,69.9,209.7,79.19,0
2025-08-24,87.3,210.7,78.18,1
2025-08-25,68.1,211.5,89.25,0
2025-08-26,65.9,228.5,75.19,0
2025-08-27,73.8,219.4,89.85,0
2025-08-28,73.3,211.6,85.09,0
2025-08-29,75.1,221.9,87.34,0
2025-08-30,75.1,225.5,79.43,0
2025-08-31,70.8,210.3,75.27,0
2025-09-01,72.9,215.1,86.0,0
2025-09-02,74.6,205.1,87.42,0
2025-09-03,73.6,207.1,86.03,0
2025-09-04,67.8,224.3,77.18,0
2025-09-05,94.3,207.1,86.23,1
2025-09-06,66.7,219.0,86.46,0
2025-09-07,74.7,225.3,84.82,0
2025-09-08,71.3,204.6,86.41,0
2025-09-09,67.6,220.4,87.6,0
2025-09-10,71.9,209.7,84.15,0
2025-09-11,71.4,234.0,76.37,0
2025-09-12,68.9,217.5,82.29,0
2025-09-13,66.5,228.6,76.21,0
2025-09-14,71.9,219.8,81.1,0
2025-09-15,70.4,202.4,81.09,0
2025-09-16,72.9,222.7,76.04,0
2025-09-17,70.4,233.6,80.23,0
2025-09-18,73.7,221.6,76.7,0
2025-09-19,70.8,229.1,87.04,0
2025-09-20,70.8,231.3,89.1,0
2025-09-21,73.9,208.7,76.13,0
2025-09-22,69.3,208.2,89.21,0
2025-09-23,66.7,221.9,82.8,0
2025-09-24,65.7,215.0,79.5,0
2025-09-25,72.7,229.8,76.2,0
2025-09-26,71.4,231.9,82.48,0
2025-09-27,72.2,213.1,86.83,0
2025-09-28,67.5,209.0,85.54,0
2025-09-29,66.7,227.8,75.8,0
2025-09-30,65.5,210.4,76.14,0
2025-10-01,68.8,229.2,81.03,0
2025-10-02,71.1,215.5,79.44,0
2025-10-03,69.2,223.9,78.5,0
2025-10-04,69.6,204.2,79.22,0
2025-10-05,74.2,222.4,86.97,0
2025-10-06,68.8,216.4,88.83,0
2025-10-07,70.4,221.1,81.06,0
2025-10-08,73.0,206.7,88.49,0
2025-10-09,69.2,226.2,79.82,0
2025-10-10,71.4,230.6,82.12,0
2025-10-11,73.8,208.4,78.41,0
2025-10-12,74.6,204.2,84.55,0
2025-10-13,66.8,201.7,89.57,0
2025-10-14,74.4,223.0,84.0,0
2025-10-15,70.2,221.8,80.36,0
2025-10-16,67.9,219.7,84.66,0
2025-10-17,69.9,208.9,76.88,0
2025-10-18,74.9,214.3,88.23,0
2025-10-19,70.2,221.3,82.52,0
2025-10-20,68.6,218.0,81.72,0
2025-10-21,71.5,234.9,83.74,0
2025-10-22,67.7,205.6,84.32,0
2025-10-23,66.1,224.8,76.12,0
2025-10-24,66.7,214.8,85.18,0
2025-10-25,66.6,215.6,78.65,0
2025-10-26,66.9,225.6,85.64,0
2025-10-27,66.7,224.7,87.25,0
2025-10-28,71.6,235.0,86.97,0
2025-10-29,67.2,205.3,83.25,0
2025-10-30,68.8,204.5,82.77,0
2025-10-31,74.1,225.8,77.18,0
2025-11-01,70.0,220.8,86.55,0
2025-11-02,71.9,210.3,79.08,0
2025-11-03,67.1,203.6,82.42,0
2025-11-04,67.3,203.8,79.27,0
2025-11-05,65.8,231.7,77.04,0
2025-11-06,67.0,207.5,84.39,0
2025-11-07,84.9,212.0,75.87,1
2025-11-08,67.1,208.7,86.15,0
2025-11-09,66.3,213.1,79.77,0
2025-11-10,66.6,203.3,75.06,0
2025-11-11,69.9,218.8,82.63,0
2025-11-12,67.4,203.2,75.75,0
2025-11-13,68.9,228.4,79.15,0
2025-11-14,70.3,208.9,85.54,0
2025-11-15,72.1,219.5,75.99,0
2025-11-16,65.8,231.2,87.5,0
2025-11-17,73.2,223.3,75.12,0
2025-11-18,71.5,219.2,78.72,0
2025-11-19,66.2,212.1,86.04,0
2025-11-20,73.9,212.4,79.75,0
2025-11-21,74.3,223.9,76.57,0
2025-11-22,66.0,235.1,80.4,0
2025-11-23,68.1,223.7,79.07,0
2025-11-24,73.2,220.1,87.55,0
2025-11-25,72.7,226.0,79.7,0
2025-11-26,67.2,216.9,86.75,0
2025-11-27,67.4,203.0,88.28,0
2025-11-28,69.0,220.2,81.49,0
2025-11-29,70.1,233.8,88.55,0
2025-11-30,71.4,206.9,80.65,0
2025-12-01,69.0,224.6,89.35,0
2025-12-02,69.9,207.8,76.38,0
2025-12-03,72.7,219.3,85.24,0
2025-12-04,65.8,204.2,82.38,0
2025-12-05,67.8,216.4,80.8,0
2025-12-06,72.3,226.9,84.44,0
2025-12-07,74.1,212.9,85.49,0
2025-12-08,70.4,223.8,75.12,0
2025-12-09,70.6,228.3,77.53,0
2025-12-10,66.4,232.8,85.63,0
2025-12-11,69.7,209.0,84.94,0
2025-12-12,70.6,214.6,89.38,0
2025-12-13,67.8,206.1,86.34,0
2025-12-14,68.0,235.0,89.15,0
2025-12-15,69.1,232.8,85.47,0
2025-12-16,65.6,219.5,79.48,0
2025-12-17,68.5,229.9,76.62,0
2025-12-18,67.5,218.8,86.65,0
2025-12-19,68.6,222.4,84.61,0
2025-12-20,66.6,204.0,75.77,0
2025-12-21,74.0,226.9,80.4,0
2025-12-22,71.2,205.3,89.24,0
2025-12-23,72.0,229.3,82.48,0
2025-12-24,73.1,227.8,81.47,0
2025-12-25,70.2,225.3,81.84,0
2025-12-26,66.2,202.1,78.16,0
2025-12-27,89.1,211.3,80.52,1
2025-12-28,71.1,210.0,80.54,0
2025-12-29,72.6,213.3,75.84,0
2025-12-30,69.6,203.9,86.44,0
2025-12-31,66.6,233.1,81.23,0
2026-01-01,68.2,220.0,87.24,0
2026-01-02,68.9,211.4,87.66,0
2026-01-03,82.1,214.6,78.2,1
2026-01-04,70.9,216.3,84.8,0
2026-01-05,68.9,221.6,82.06,0
2026-01-06,75.0,218.6,88.1,0
2026-01-07,71.3,232.5,78.26,0
2026-01-08,83.6,218.0,85.11,1
2026-01-09,66.4,235.0,84.07,0
2026-01-10,66.9,230.2,79.44,0
2026-01-11,67.8,208.1,77.08,0
2026-01-12,67.0,232.9,84.72,0
2026-01-13,67.2,204.9,86.01,0
2026-01-14,68.2,229.0,79.74,0
2026-01-15,67.1,214.0,84.62,0
2026-01-16,74.1,231.1,80.92,0
2026-01-17,66.2,230.8,85.63,0
2026-01-18,70.5,228.6,78.01,0
2026-01-19,69.4,228.1,88.25,0
2026-01-20,74.9,211.4,79.32,0
2026-01-21,66.5,203.7,80.51,0
2026-01-22,69.3,214.8,75.92,0
2026-01-23,74.8,206.9,76.71,0
2026-01-24,73.8,224.8,82.71,0
2026-01-25,73.3,212.8,79.03,0
2026-01-26,67.9,234.5,87.44,0
2026-01-27,85.4,222.9,75.28,1
2026-01-28,71.9,229.2,80.68,0
2026-01-29,74.4,205.5,80.06,0
2026-01-30,70.8,230.6,75.35,0
2026-01-31,70.9,232.6,76.9,0
2026-02-01,85.8,217.7,81.19,1
2026-02-02,72.9,221.8,82.36,0
2026-02-03,67.2,227.2,81.05,0
2026-02-04,68.5,206.9,82.93,0
2026-02-05,69.5,218.2,83.88,0
2026-02-06,91.0,214.6,75.21,1
2026-02-07,67.8,205.9,81.94,0
2026-02-08,66.5,213.5,89.34,0
2026-02-09,71.3,203.2,82.75,0
2026-02-10,83.3,201.8,85.1,1
2026-02-11,71.0,205.5,79.68,0
2026-02-12,90.3,234.0,86.53,1
2026-02-13,70.1,219.8,86.51,0
2026-02-14,70.6,234.1,82.79,0
2026-02-15,65.9,215.8,89.52,0
2026-02-16,68.7,211.6,76.92,0
2026-02-17,66.7,218.3,75.31,0
2026-02-18,66.0,216.0,86.47,0
2026-02-19,75.0,204.5,87.02,0
2026-02-20,68.5,222.9,76.84,0
2026-02-21,73.3,208.3,79.0,0
2026-02-22,67.9,222.2,75.32,0
2026-02-23,72.0,223.3,79.41,0
2026-02-24,72.8,206.1,86.52,0
2026-02-25,71.2,203.0,82.74,0
2026-02-26,70.0,227.8,80.22,0
2026-02-27,69.4,216.7,80.57,0
2026-02-28,68.8,202.9,75.08,0
2026-03-01,74.4,235.1,79.5,0
2026-03-02,73.5,202.9,84.64,0
2026-03-03,74.8,224.8,89.5,0
2026-03-04,66.6,234.7,87.61,0
2026-03-05,72.5,209.1,75.41,0
2026-03-06,74.5,205.8,88.38,0
2026-03-07,93.7,205.1,86.67,1
2026-03-08,66.0,211.3,86.63,0
2026-03-09,72.6,204.4,81.85,0
2026-03-10,71.0,224.7,80.96,0
2026-03-11,73.6,203.0,79.55,0
2026-03-12,66.8,218.4,76.03,0
2026-03-13,73.1,235.2,78.44,0
2026-03-14,67.4,228.9,78.71,0
2026-03-15,67.0,222.1,82.23,0
2026-03-16,67.0,211.4,86.14,0
2026-03-17,73.3,222.4,82.08,0
2026-03-18,71.9,219.0,75.92,0
2026-03-19,70.5,215.6,89.25,0
2026-03-20,68.9,205.4,89.03,0
2026-03-21,73.9,231.4,86.7,0
2026-03-22,69.2,216.4,89.75,0
2026-03-23,73.3,207.6,83.13,0
2026-03-24,69.7,213.6,89.33,0
2026-03-25,69.1,215.1,76.18,0
2026-03-26,69.9,229.4,80.48,0
2026-03-27,68.3,226.1,78.4,0
2026-03-28,94.5,227.4,77.96,1
2026-03-29,70.3,201.3,77.15,0
2026-03-30,67.7,215.2,84.28,0
2026-03-31,74.1,217.5,86.64,0
2026-04-01,69.1,201.6,83.63,0
2026-04-02,70.7,209.8,77.24,0
2026-04-03,74.2,227.1,87.08,0
2026-04-04,71.5,205.6,84.48,0
2026-04-05,66.5,219.3,80.81,0
2026-04-06,74.5,208.3,85.05,0
2026-04-07,71.5,201.3,78.91,0
2026-04-08,68.6,209.2,80.18,0
2026-04-09,66.8,234.5,88.66,0
2026-04-10,73.1,228.5,79.37,0
2026-04-11,71.4,233.9,82.03,0
2026-04-12,70.6,217.7,88.25,0
2026-04-13,74.1,204.7,85.55,0
2026-04-14,73.0,219.7,75.98,0
2026-04-15,66.9,216.5,77.24,0
2026-04-16,68.4,229.9,75.18,0
2026-04-17,67.8,204.3,84.41,0
2026-04-18,72.6,217.7,81.69,0
2026-04-19,65.7,206.1,77.05,0
2026-04-20,70.9,212.1,89.26,0
2026-04-21,72.8,226.3,82.91,0
2026-04-22,73.9,217.3,78.64,0
2026-04-23,68.7,213.8,82.48,0
2026-04-24,73.4,214.5,85.13,0
2026-04-25,66.5,216.7,76.19,0
2026-04-26,73.6,227.9,79.13,0
2026-04-27,66.6,231.6,87.02,0
2026-04-28,69.3,233.8,81.87,0
2026-04-29,73.1,228.0,83.16,0
2026-04-30,66.9,211.7,81.47,0
2026-05-01,67.6,224.6,75.71,0
2026-05-02,72.4,216.0,77.52,0
2026-05-03,72.4,209.7,81.66,0
2026-05-04,71.6,229.8,78.16,0
2026-05-05,72.1,202.2,75.8,0
2026-05-06,70.7,231.9,87.56,0
2026-05-07,67.8,216.8,89.6,0
2026-05-08,68.8,222.8,86.81,0
2026-05-09,67.2,223.6,87.71,0
2026-05-10,74.2,231.7,78.65,0
2026-05-11,71.1,222.8,89.3,0
2026-05-12,69.3,222.0,77.98,0
2026-05-13,69.9,203.2,89.16,0
2026-05-14,74.6,218.7,89.8,0
2026-05-15,90.9,206.1,85.61,1
2026-05-16,71.1,226.3,89.6,0
2026-05-17,70.3,218.5,83.5,0
2026-05-18,71.3,224.3,78.91,0
2026-05-19,65.6,202.3,81.54,0
2026-05-20,73.9,203.8,83.86,0
2026-05-21,74.4,225.5,76.14,0
2026-05-22,70.9,203.4,84.28,0
2026-05-23,72.2,203.4,89.6,0
2026-05-24,74.3,201.3,77.88,0
2026-05-25,72.3,233.8,86.81,0
2026-05-26,66.9,226.3,88.52,0
2026-05-27,71.0,213.1,89.05,0
2026-05-28,71.3,211.1,89.29,0
2026-05-29,69.5,212.9,82.79,0
2026-05-30,72.5,227.5,89.54,0
2026-05-31,74.5,223.7,86.28,0
2026-06-01,74.4,207.3,77.46,0
2026-06-02,69.8,206.9,82.13,0
2026-06-03,90.3,204.3,85.71,1
2026-06-04,75.0,223.6,78.73,0
2026-06-05,73.5,227.2,84.55,0
2026-06-06,66.6,210.0,84.94,0
2026-06-07,74.3,201.6,77.47,0
2026-06-08,73.8,203.7,83.43,0
2026-06-09,70.4,234.2,86.5,0
2026-06-10,71.1,211.1,82.45,0
2026-06-11,69.3,227.4,75.24,0
2026-06-12,65.9,222.4,75.19,0
2026-06-13,68.7,214.0,80.35,0
2026-06-14,73.2,208.0,88.79,0
2026-06-15,65.4,205.1,78.45,0
2026-06-16,93.4,222.1,84.46,1
2026-06-17,91.6,227.5,78.35,1
2026-06-18,70.6,223.1,79.83,0
2026-06-19,74.3,219.1,87.63,0
2026-06-20,68.8,202.3,85.86,0
2026-06-21,88.0,234.2,76.47,1
2026-06-22,72.6,228.4,81.41,0
2026-06-23,69.8,211.0,75.49,0
2026-06-24,67.6,234.6,82.19,0
2026-06-25,69.8,221.6,84.88,0
2026-06-26,66.8,220.9,76.82,0
2026-06-27,67.1,226.6,79.34,0
2026-06-28,70.2,228.8,80.96,0
2026-06-29,92.4,223.5,88.69,1
2026-06-30,74.3,205.3,89.78,0
2026-07-01,68.9,212.5,75.73,0
2026-07-02,71.0,232.8,86.34,0
2026-07-03,71.5,208.6,80.57,0
2026-07-04,65.5,213.7,80.88,0
2026-07-05,71.8,215.8,86.24,0
2026-07-06,67.1,216.0,88.67,0
2026-07-07,74.7,222.0,89.15,0
2026-07-08,66.8,233.3,83.61,0
2026-07-09,69.4,209.2,80.35,0
2026-07-10,66.2,205.1,86.73,0
2026-07-11,75.1,207.7,78.78,0
2026-07-12,70.3,231.4,83.42,0
2026-07-13,71.2,223.1,80.37,0
2026-07-14,66.1,210.7,84.79,0
2026-07-15,72.7,229.0,78.62,0
2026-07-16,67.4,230.5,77.9,0
2026-07-17,74.1,230.0,88.67,0
2026-07-18,67.4,232.5,76.57,0
2026-07-19,81.8,209.6,82.56,1
2026-07-20,65.8,226.9,78.33,0
2026-07-21,70.0,216.7,75.64,0
2026-07-22,70.9,229.9,75.59,0
2026-07-23,66.0,226.0,77.66,0
2026-07-24,72.9,227.6,87.91,0
2026-07-25,69.8,223.5,79.25,0
2026-07-26,70.5,207.0,89.15,0
2026-07-27,84.9,219.6,83.68,1
2026-07-28,69.3,234.8,81.53,0
2026-07-29,70.8,233.1,83.66,0
2026-07-30,66.9,202.4,82.72,0
2026-07-31,67.2,206.6,86.31,0
2026-08-01,86.2,205.4,79.25,1
2026-08-02,74.6,225.9,80.29,0
2026-08-03,69.0,229.0,88.31,0
2026-08-04,68.0,208.2,89.09,0
2026-08-05,71.6,218.3,88.29,0
2026-08-06,69.4,229.8,81.28,0
2026-08-07,65.6,226.1,86.63,0
2026-08-08,66.9,219.6,82.12,0
2026-08-09,72.3,221.2,82.43,0
2026-08-10,91.3,218.4,78.09,1
2026-08-11,65.7,211.1,83.82,0
2026-08-12,67.6,220.3,77.82,0
2026-08-13,67.6,224.6,79.97,0
2026-08-14,71.9,230.9,87.73,0
2026-08-15,65.6,222.8,78.13,0
2026-08-16,66.4,227.1,76.11,0
2026-08-17,73.2,206.4,76.08,0
2026-08-18,67.1,216.8,89.0,0
2026-08-19,71.7,201.2,82.57,0
2026-08-20,67.7,209.4,81.13,0
2026-08-21,66.4,225.9,87.08,0
2026-08-22,67.8,235.0,87.45,0
2026-08-23,72.4,204.3,79.98,0
2026-08-24,84.0,214.7,85.34,1
2026-08-25,73.5,228.4,86.49,0
2026-08-26,69.3,207.9,84.76,0
2026-08-27,71.9,220.0,77.31,0
2026-08-28,67.4,226.1,88.04,0
2026-08-29,68.2,222.1,83.05,0
2026-08-30,74.1,207.4,79.25,0
2026-08-31,65.5,213.1,81.36,0
2026-09-01,66.2,227.9,75.62,0
2026-09-02,67.4,220.0,76.95,0
2026-09-03,65.7,201.1,86.41,0
2026-09-04,67.2,227.1,75.06,0
2026-09-05,71.1,202.1,81.23,0
2026-09-06,69.5,226.6,82.8,0
2026-09-07,74.1,207.9,75.87,0
2026-09-08,73.3,233.9,89.48,0
2026-09-09,89.7,213.6,78.41,1
2026-09-10,67.9,212.1,79.57,0
2026-09-11,69.1,206.0,79.56,0
2026-09-12,71.1,211.4,78.47,0
2026-09-13,68.0,231.1,75.08,0
2026-09-14,71.5,235.2,85.87,0
2026-09-15,89.3,213.6,89.39,1
2026-09-16,70.8,216.3,78.38,0
2026-09-17,69.6,225.7,84.89,0
2026-09-18,68.3,231.4,86.05,0
2026-09-19,74.6,221.3,87.63,0
2026-09-20,72.8,214.4,81.32,0
2026-09-21,66.8,215.1,79.55,0
2026-09-22,73.8,224.8,79.88,0
2026-09-23,70.1,201.0,85.62,0
2026-09-24,74.1,222.2,87.16,0
2026-09-25,73.2,213.1,77.75,0
2026-09-26,69.5,228.2,80.56,0
2026-09-27,65.6,204.1,88.43,0
2026-09-28,68.0,221.1,87.02,0
2026-09-29,70.7,217.4,89.66,0
2026-09-30,71.5,223.0,86.24,0
2026-10-01,67.9,203.1,80.89,0
2026-10-02,66.8,220.9,83.81,0
2026-10-03,73.5,220.2,84.86,0
2026-10-04,74.9,220.2,76.22,0
2026-10-05,70.5,221.7,83.13,0
2026-10-06,67.1,224.2,85.57,0
2026-10-07,68.0,228.6,77.54,0
2026-10-08,65.6,210.2,86.63,0
2026-10-09,74.3,229.3,83.71,0
2026-10-10,66.5,218.0,89.17,0
2026-10-11,71.0,203.6,75.69,0
2026-10-12,68.1,202.9,78.99,0
2026-10-13,70.8,212.4,83.98,0
2026-10-14,84.7,227.9,79.46,1
2026-10-15,73.4,225.2,85.65,0
2026-10-16,67.4,228.0,86.31,0
2026-10-17,65.5,218.7,76.58,0
2026-10-18,66.7,216.0,82.68,0
2026-10-19,74.1,206.0,82.6,0
2026-10-20,73.9,212.2,80.53,0
2026-10-21,71.2,215.8,88.89,0
2026-10-22,71.2,203.9,87.32,0
2026-10-23,71.9,208.5,85.39,0
2026-10-24,67.1,221.5,85.65,0
2026-10-25,74.3,226.2,81.9,0
2026-10-26,69.5,235.2,88.71,0
2026-10-27,69.1,233.0,85.35,0
2026-10-28,70.4,223.0,85.86,0
2026-10-29,65.9,215.4,87.83,0
2026-10-30,67.0,222.8,79.12,0
2026-10-31,72.6,227.9,87.02,0
2026-11-01,66.2,205.0,77.95,0
2026-11-02,71.3,215.0,80.18,0
2026-11-03,67.8,229.8,80.03,0
2026-11-04,69.2,214.1,89.56,0
2026-11-05,68.2,220.6,87.75,0
2026-11-06,68.9,221.1,85.45,0
2026-11-07,72.4,207.2,85.83,0
2026-11-08,68.3,213.4,83.39,0
2026-11-09,70.9,212.4,89.1,0
2026-11-10,70.0,201.8,82.41,0
2026-11-11,71.8,201.7,80.7,0
2026-11-12,74.5,229.5,77.48,0
2026-11-13,72.5,210.3,86.71,0
2026-11-14,67.5,218.7,85.94,0
2026-11-15,65.7,211.2,80.76,0
2026-11-16,67.9,233.3,75.43,0
2026-11-17,71.2,209.8,87.49,0
2026-11-18,65.9,215.7,75.23,0
2026-11-19,70.2,230.9,85.49,0
2026-11-20,71.2,229.9,89.44,0
2026-11-21,93.5,207.3,81.55,1
2026-11-22,72.9,228.5,78.54,0
2026-11-23,66.4,216.7,85.51,0
2026-11-24,66.1,217.5,87.17,0
2026-11-25,72.5,205.5,83.16,0
2026-11-26,70.2,203.7,89.39,0
2026-11-27,72.1,225.9,75.83,0
2026-11-28,69.6,218.0,82.54,0
2026-11-29,67.8,215.9,85.71,0
2026-11-30,73.3,226.0,87.84,0
2026-12-01,73.2,227.2,77.72,0
2026-12-02,72.1,206.4,86.92,0
2026-12-03,68.0,221.9,83.25,0
2026-12-04,71.1,205.6,80.94,0
2026-12-05,68.9,226.7,77.01,0
2026-12-06,66.3,223.5,87.88,0
2026-12-07,74.3,233.8,77.39,0
2026-12-08,66.7,203.3,79.65,0
2026-12-09,74.6,202.9,79.36,0
2026-12-10,69.7,210.6,87.97,0
